"1","X TJKT 1","2023-07-05 14:47:41","2023-07-05 14:47:41"
"2","X TJKT 2","2023-07-05 14:47:41","2023-07-05 14:47:41"
"3","X TJKT 3","2023-07-05 14:47:41","2023-07-05 14:47:41"
"4","X TJKT 4","2023-07-05 14:47:41","2023-07-05 14:47:41"
"5","X TO 1","2023-07-05 14:47:41","2023-07-05 14:47:41"
"6","X TO 2","2023-07-05 14:47:41","2023-07-05 14:47:41"
"7","X TO 3","2023-07-05 14:47:41","2023-07-05 14:47:41"
"8","X TO 4","2023-07-05 14:47:41","2023-07-05 14:47:41"
"9","X TE 1","2023-07-05 14:47:41","2023-07-05 14:47:41"
"10","X TE 2","2023-07-05 14:47:41","2023-07-05 14:47:41"
"11","X TE 3","2023-07-05 14:47:41","2023-07-05 14:47:41"
"12","X TE 4","2023-07-05 14:47:41","2023-07-05 14:47:41"
"13","XI TJKT 1","2023-07-05 14:47:41","2023-07-05 14:47:41"
"14","XI TJKT 2","2023-07-05 14:47:41","2023-07-05 14:47:41"
"15","XI TJKT 3","2023-07-05 14:47:41","2023-07-05 14:47:41"
"16","XI TJKT 4","2023-07-05 14:47:41","2023-07-05 14:47:41"
"17","XI TO 1","2023-07-05 14:47:41","2023-07-05 14:47:41"
"18","XI TO 2","2023-07-05 14:47:41","2023-07-05 14:47:41"
"19","XI TO 3","2023-07-05 14:47:41","2023-07-05 14:47:41"
"20","XI TO 4","2023-07-05 14:47:41","2023-07-05 14:47:41"
"21","XI TE 1","2023-07-05 14:47:41","2023-07-05 14:47:41"
"22","XI TE 2","2023-07-05 14:47:41","2023-07-05 14:47:41"
"23","XI TE 3","2023-07-05 14:47:41","2023-07-05 14:47:41"
"24","XI TE 4","2023-07-05 14:47:41","2023-07-05 14:47:41"
"25","XII TKJ 1","2023-07-05 14:47:41","2023-07-05 14:47:41"
"26","XII TKJ 2","2023-07-05 14:47:41","2023-07-05 14:47:41"
"27","XII TKJ 3","2023-07-05 14:47:41","2023-07-05 14:47:41"
"28","XII TKJ 4","2023-07-05 14:47:41","2023-07-05 14:47:41"
"29","XII TKRO 1","2023-07-05 14:47:41","2023-07-05 14:47:41"
"30","XII TKRO 2","2023-07-05 14:47:41","2023-07-05 14:47:41"
"31","XII TKRO 3","2023-07-05 14:47:41","2023-07-05 14:47:41"
"32","XII TKRO 4","2023-07-05 14:47:41","2023-07-05 14:47:41"
"33","XII TAV 1","2023-07-05 14:47:41","2023-07-05 14:47:41"
"34","XII TAV 2","2023-07-05 14:47:41","2023-07-05 14:47:41"
"35","XII TAV 3","2023-07-05 14:47:41","2023-07-05 14:47:41"
"36","XII TAV 4","2023-07-05 14:47:41","2023-07-05 14:47:41"
"37","ADMIN","2023-10-21 15:14:37","2023-10-21 15:14:37"
