-- phpMyAdmin SQL Dump
-- version 5.2.1
-- https://www.phpmyadmin.net/
--
-- Host: localhost:3306
-- Waktu pembuatan: 08 Des 2023 pada 09.00
-- Versi server: 8.0.30
-- Versi PHP: 8.1.10

SET SQL_MODE = "NO_AUTO_VALUE_ON_ZERO";
START TRANSACTION;
SET time_zone = "+00:00";


/*!40101 SET @OLD_CHARACTER_SET_CLIENT=@@CHARACTER_SET_CLIENT */;
/*!40101 SET @OLD_CHARACTER_SET_RESULTS=@@CHARACTER_SET_RESULTS */;
/*!40101 SET @OLD_COLLATION_CONNECTION=@@COLLATION_CONNECTION */;
/*!40101 SET NAMES utf8mb4 */;

--
-- Database: `peminjaman_barang`
--

-- --------------------------------------------------------

--
-- Struktur dari tabel `barangs`
--

CREATE TABLE `barangs` (
  `id` bigint UNSIGNED NOT NULL,
  `kode_barang` varchar(255) CHARACTER SET utf8mb4 COLLATE utf8mb4_unicode_ci NOT NULL,
  `nama_barang` varchar(255) CHARACTER SET utf8mb4 COLLATE utf8mb4_unicode_ci NOT NULL,
  `satuan_barang` enum('satuan','kelompok') CHARACTER SET utf8mb4 COLLATE utf8mb4_unicode_ci NOT NULL,
  `status_barang` enum('ada','dipinjam') CHARACTER SET utf8mb4 COLLATE utf8mb4_unicode_ci NOT NULL,
  `jumlah_satuan` int NOT NULL,
  `tipe_barang_id` bigint UNSIGNED NOT NULL,
  `created_at` timestamp NULL DEFAULT NULL,
  `updated_at` timestamp NULL DEFAULT NULL
) ENGINE=InnoDB DEFAULT CHARSET=utf8mb4 COLLATE=utf8mb4_unicode_ci;

--
-- Dumping data untuk tabel `barangs`
--

INSERT INTO `barangs` (`id`, `kode_barang`, `nama_barang`, `satuan_barang`, `status_barang`, `jumlah_satuan`, `tipe_barang_id`, `created_at`, `updated_at`) VALUES
(1, 'LTP-ACER-07', 'Laptop Acer No 07', 'satuan', 'dipinjam', 1, 1, '2023-10-21 08:18:59', '2023-12-08 08:44:29'),
(2, 'LTP-ACER-21', 'Laptop Acer No 21', 'satuan', 'ada', 1, 1, '2023-10-21 08:18:59', '2023-10-21 08:18:59'),
(3, 'LTP-ASUS-29', 'Laptop Asus No 29', 'satuan', 'dipinjam', 1, 1, '2023-10-21 08:18:59', '2023-12-08 08:44:29'),
(4, 'LTP-ASUS-02', 'Laptop Asus No 02', 'satuan', 'ada', 1, 1, '2023-10-21 08:18:59', '2023-10-21 08:18:59'),
(6, 'RTR-BOX-01', 'Router Box 1', 'kelompok', 'ada', 10, 2, '2023-10-21 08:18:59', '2023-10-23 02:04:19'),
(7, 'RTR-BOX-02', 'Router Box 2', 'kelompok', 'ada', 10, 2, '2023-10-21 08:18:59', '2023-10-23 02:04:43'),
(8, 'RTR-BOX-03', 'Router Box 3', 'kelompok', 'ada', 10, 2, '2023-10-21 08:18:59', '2023-10-21 08:18:59'),
(9, 'CONV-LAN-BOX-01', 'Konverter LAN Box 1', 'kelompok', 'ada', 10, 3, '2023-10-21 08:18:59', '2023-10-21 08:18:59'),
(10, 'CONV-LAN-BOX-02', 'Konverter LAN Box 2', 'kelompok', 'ada', 10, 3, '2023-10-21 08:18:59', '2023-10-21 08:18:59'),
(11, 'CONV-LAN-BOX-03', 'Konverter LAN Box 3', 'kelompok', 'ada', 10, 3, '2023-10-21 08:18:59', '2023-10-22 08:22:28'),
(12, 'RTR-BOX-04', 'Router Box No 4', 'kelompok', 'ada', 10, 2, '2023-10-21 08:33:04', '2023-10-21 08:33:04'),
(14, 'LTP-ACER-12', 'Laptop Acer No 12', 'satuan', 'ada', 1, 1, '2023-10-21 08:33:04', '2023-10-21 08:33:04'),
(15, 'LTP-ASUS-32', 'Laptop Acer No 32', 'satuan', 'ada', 1, 1, '2023-10-21 08:33:04', '2023-10-21 08:33:04'),
(16, 'SW-BOX-01', 'Switch Box 1', 'kelompok', 'ada', 5, 4, '2023-10-22 08:19:53', '2023-10-23 02:03:58'),
(17, 'SW-BOX-02', 'Switch Box 2', 'kelompok', 'ada', 5, 4, '2023-10-22 08:28:06', '2023-10-23 02:04:12');

-- --------------------------------------------------------

--
-- Struktur dari tabel `failed_jobs`
--

CREATE TABLE `failed_jobs` (
  `id` bigint UNSIGNED NOT NULL,
  `uuid` varchar(255) CHARACTER SET utf8mb4 COLLATE utf8mb4_unicode_ci NOT NULL,
  `connection` text CHARACTER SET utf8mb4 COLLATE utf8mb4_unicode_ci NOT NULL,
  `queue` text CHARACTER SET utf8mb4 COLLATE utf8mb4_unicode_ci NOT NULL,
  `payload` longtext CHARACTER SET utf8mb4 COLLATE utf8mb4_unicode_ci NOT NULL,
  `exception` longtext CHARACTER SET utf8mb4 COLLATE utf8mb4_unicode_ci NOT NULL,
  `failed_at` timestamp NOT NULL DEFAULT CURRENT_TIMESTAMP
) ENGINE=InnoDB DEFAULT CHARSET=utf8mb4 COLLATE=utf8mb4_unicode_ci;

-- --------------------------------------------------------

--
-- Struktur dari tabel `kelas`
--

CREATE TABLE `kelas` (
  `id` bigint UNSIGNED NOT NULL,
  `kelas` varchar(255) CHARACTER SET utf8mb4 COLLATE utf8mb4_unicode_ci NOT NULL,
  `created_at` timestamp NULL DEFAULT NULL,
  `updated_at` timestamp NULL DEFAULT NULL
) ENGINE=InnoDB DEFAULT CHARSET=utf8mb4 COLLATE=utf8mb4_unicode_ci;

--
-- Dumping data untuk tabel `kelas`
--

INSERT INTO `kelas` (`id`, `kelas`, `created_at`, `updated_at`) VALUES
(1, 'X TJKT 1', '2023-07-05 07:47:41', '2023-07-05 07:47:41'),
(2, 'X TJKT 2', '2023-07-05 07:47:41', '2023-07-05 07:47:41'),
(3, 'X TJKT 3', '2023-07-05 07:47:41', '2023-07-05 07:47:41'),
(4, 'X TJKT 4', '2023-07-05 07:47:41', '2023-07-05 07:47:41'),
(5, 'X TO 1', '2023-07-05 07:47:41', '2023-07-05 07:47:41'),
(6, 'X TO 2', '2023-07-05 07:47:41', '2023-07-05 07:47:41'),
(7, 'X TO 3', '2023-07-05 07:47:41', '2023-07-05 07:47:41'),
(8, 'X TO 4', '2023-07-05 07:47:41', '2023-07-05 07:47:41'),
(9, 'X TE 1', '2023-07-05 07:47:41', '2023-07-05 07:47:41'),
(10, 'X TE 2', '2023-07-05 07:47:41', '2023-07-05 07:47:41'),
(11, 'X TE 3', '2023-07-05 07:47:41', '2023-07-05 07:47:41'),
(12, 'X TE 4', '2023-07-05 07:47:41', '2023-07-05 07:47:41'),
(13, 'XI TJKT 1', '2023-07-05 07:47:41', '2023-07-05 07:47:41'),
(14, 'XI TJKT 2', '2023-07-05 07:47:41', '2023-07-05 07:47:41'),
(15, 'XI TJKT 3', '2023-07-05 07:47:41', '2023-07-05 07:47:41'),
(16, 'XI TJKT 4', '2023-07-05 07:47:41', '2023-07-05 07:47:41'),
(17, 'XI TO 1', '2023-07-05 07:47:41', '2023-07-05 07:47:41'),
(18, 'XI TO 2', '2023-07-05 07:47:41', '2023-07-05 07:47:41'),
(19, 'XI TO 3', '2023-07-05 07:47:41', '2023-07-05 07:47:41'),
(20, 'XI TO 4', '2023-07-05 07:47:41', '2023-07-05 07:47:41'),
(21, 'XI TE 1', '2023-07-05 07:47:41', '2023-07-05 07:47:41'),
(22, 'XI TE 2', '2023-07-05 07:47:41', '2023-07-05 07:47:41'),
(23, 'XI TE 3', '2023-07-05 07:47:41', '2023-07-05 07:47:41'),
(24, 'XI TE 4', '2023-07-05 07:47:41', '2023-07-05 07:47:41'),
(25, 'XII TKJ 1', '2023-07-05 07:47:41', '2023-07-05 07:47:41'),
(26, 'XII TKJ 2', '2023-07-05 07:47:41', '2023-07-05 07:47:41'),
(27, 'XII TKJ 3', '2023-07-05 07:47:41', '2023-07-05 07:47:41'),
(28, 'XII TKJ 4', '2023-07-05 07:47:41', '2023-07-05 07:47:41'),
(29, 'XII TKRO 1', '2023-07-05 07:47:41', '2023-07-05 07:47:41'),
(30, 'XII TKRO 2', '2023-07-05 07:47:41', '2023-07-05 07:47:41'),
(31, 'XII TKRO 3', '2023-07-05 07:47:41', '2023-07-05 07:47:41'),
(32, 'XII TKRO 4', '2023-07-05 07:47:41', '2023-07-05 07:47:41'),
(33, 'XII TAV 1', '2023-07-05 07:47:41', '2023-07-05 07:47:41'),
(34, 'XII TAV 2', '2023-07-05 07:47:41', '2023-07-05 07:47:41'),
(35, 'XII TAV 3', '2023-07-05 07:47:41', '2023-07-05 07:47:41'),
(36, 'XII TAV 4', '2023-07-05 07:47:41', '2023-07-05 07:47:41'),
(37, 'ADMIN', '2023-10-21 08:14:37', '2023-10-21 08:14:37'),
(38, 'UMUM', NULL, NULL),
(40, 'ALUMNI', NULL, NULL);

-- --------------------------------------------------------

--
-- Struktur dari tabel `migrations`
--

CREATE TABLE `migrations` (
  `id` int UNSIGNED NOT NULL,
  `migration` varchar(255) CHARACTER SET utf8mb4 COLLATE utf8mb4_unicode_ci NOT NULL,
  `batch` int NOT NULL
) ENGINE=InnoDB DEFAULT CHARSET=utf8mb4 COLLATE=utf8mb4_unicode_ci;

--
-- Dumping data untuk tabel `migrations`
--

INSERT INTO `migrations` (`id`, `migration`, `batch`) VALUES
(1, '2014_10_12_100000_create_password_resets_table', 1),
(2, '2019_08_19_000000_create_failed_jobs_table', 1),
(3, '2019_12_14_000001_create_personal_access_tokens_table', 1),
(4, '2023_10_11_000000_create_kelas_table', 1),
(5, '2023_10_11_000000_create_tahun_ajarans_table', 1),
(6, '2023_10_11_000000_create_tipe_barangs_table', 1),
(7, '2023_10_11_000001_create_users_table', 1),
(8, '2023_10_11_013049_create_barangs_table', 1),
(9, '2023_10_11_014254_create_pinjams_table', 1),
(10, '2023_10_11_014858_create_pengaturans_table', 1);

-- --------------------------------------------------------

--
-- Struktur dari tabel `password_resets`
--

CREATE TABLE `password_resets` (
  `email` varchar(255) CHARACTER SET utf8mb4 COLLATE utf8mb4_unicode_ci NOT NULL,
  `token` varchar(255) CHARACTER SET utf8mb4 COLLATE utf8mb4_unicode_ci NOT NULL,
  `created_at` timestamp NULL DEFAULT NULL
) ENGINE=InnoDB DEFAULT CHARSET=utf8mb4 COLLATE=utf8mb4_unicode_ci;

-- --------------------------------------------------------

--
-- Struktur dari tabel `pengaturans`
--

CREATE TABLE `pengaturans` (
  `id` bigint UNSIGNED NOT NULL,
  `nama_sekolah` varchar(255) CHARACTER SET utf8mb4 COLLATE utf8mb4_unicode_ci NOT NULL,
  `jurusan` varchar(255) CHARACTER SET utf8mb4 COLLATE utf8mb4_unicode_ci NOT NULL,
  `created_at` timestamp NULL DEFAULT NULL,
  `updated_at` timestamp NULL DEFAULT NULL
) ENGINE=InnoDB DEFAULT CHARSET=utf8mb4 COLLATE=utf8mb4_unicode_ci;

-- --------------------------------------------------------

--
-- Struktur dari tabel `personal_access_tokens`
--

CREATE TABLE `personal_access_tokens` (
  `id` bigint UNSIGNED NOT NULL,
  `tokenable_type` varchar(255) CHARACTER SET utf8mb4 COLLATE utf8mb4_unicode_ci NOT NULL,
  `tokenable_id` bigint UNSIGNED NOT NULL,
  `name` varchar(255) CHARACTER SET utf8mb4 COLLATE utf8mb4_unicode_ci NOT NULL,
  `token` varchar(64) CHARACTER SET utf8mb4 COLLATE utf8mb4_unicode_ci NOT NULL,
  `abilities` text CHARACTER SET utf8mb4 COLLATE utf8mb4_unicode_ci,
  `last_used_at` timestamp NULL DEFAULT NULL,
  `expires_at` timestamp NULL DEFAULT NULL,
  `created_at` timestamp NULL DEFAULT NULL,
  `updated_at` timestamp NULL DEFAULT NULL
) ENGINE=InnoDB DEFAULT CHARSET=utf8mb4 COLLATE=utf8mb4_unicode_ci;

-- --------------------------------------------------------

--
-- Struktur dari tabel `pinjams`
--

CREATE TABLE `pinjams` (
  `id` bigint UNSIGNED NOT NULL,
  `user_id` bigint UNSIGNED NOT NULL,
  `barang_id` bigint UNSIGNED NOT NULL,
  `tahun_ajaran_id` bigint UNSIGNED NOT NULL,
  `waktu_pinjam` datetime NOT NULL,
  `waktu_kembali` datetime DEFAULT NULL,
  `keterangan` text CHARACTER SET utf8mb4 COLLATE utf8mb4_unicode_ci,
  `created_at` timestamp NULL DEFAULT NULL,
  `updated_at` timestamp NULL DEFAULT NULL
) ENGINE=InnoDB DEFAULT CHARSET=utf8mb4 COLLATE=utf8mb4_unicode_ci;

--
-- Dumping data untuk tabel `pinjams`
--

INSERT INTO `pinjams` (`id`, `user_id`, `barang_id`, `tahun_ajaran_id`, `waktu_pinjam`, `waktu_kembali`, `keterangan`, `created_at`, `updated_at`) VALUES
(1, 317, 1, 1, '2023-12-08 15:44:29', NULL, 'Untuk Lab FO 2', '2023-12-08 08:44:29', '2023-12-08 08:44:29'),
(2, 317, 3, 1, '2023-12-08 15:44:29', NULL, 'Untuk Lab FO 2', '2023-12-08 08:44:29', '2023-12-08 08:44:29');

-- --------------------------------------------------------

--
-- Struktur dari tabel `tahun_ajarans`
--

CREATE TABLE `tahun_ajarans` (
  `id` bigint UNSIGNED NOT NULL,
  `tahun_ajaran` varchar(255) CHARACTER SET utf8mb4 COLLATE utf8mb4_unicode_ci NOT NULL,
  `created_at` timestamp NULL DEFAULT NULL,
  `updated_at` timestamp NULL DEFAULT NULL
) ENGINE=InnoDB DEFAULT CHARSET=utf8mb4 COLLATE=utf8mb4_unicode_ci;

--
-- Dumping data untuk tabel `tahun_ajarans`
--

INSERT INTO `tahun_ajarans` (`id`, `tahun_ajaran`, `created_at`, `updated_at`) VALUES
(1, '2023/2024', '2023-10-21 08:18:59', '2023-10-21 08:18:59'),
(2, '2024/2025', '2023-10-21 08:18:59', '2023-10-21 08:18:59'),
(3, '2025/2026', '2023-10-21 08:18:59', '2023-10-21 08:18:59');

-- --------------------------------------------------------

--
-- Struktur dari tabel `tipe_barangs`
--

CREATE TABLE `tipe_barangs` (
  `id` bigint UNSIGNED NOT NULL,
  `tipe_barang` varchar(255) CHARACTER SET utf8mb4 COLLATE utf8mb4_unicode_ci NOT NULL,
  `total_stok` int NOT NULL,
  `created_at` timestamp NULL DEFAULT NULL,
  `updated_at` timestamp NULL DEFAULT NULL
) ENGINE=InnoDB DEFAULT CHARSET=utf8mb4 COLLATE=utf8mb4_unicode_ci;

--
-- Dumping data untuk tabel `tipe_barangs`
--

INSERT INTO `tipe_barangs` (`id`, `tipe_barang`, `total_stok`, `created_at`, `updated_at`) VALUES
(1, 'Laptop', 4, '2023-10-21 08:18:59', '2023-12-08 08:44:29'),
(2, 'Router', 40, '2023-10-21 08:18:59', '2023-10-23 02:04:43'),
(3, 'Konverter LAN', 30, '2023-10-21 08:18:59', '2023-10-22 08:22:28'),
(4, 'Switch', 20, '2023-10-22 08:02:01', '2023-10-23 02:04:38');

-- --------------------------------------------------------

--
-- Struktur dari tabel `users`
--

CREATE TABLE `users` (
  `id` bigint UNSIGNED NOT NULL,
  `nis` varchar(255) CHARACTER SET utf8mb4 COLLATE utf8mb4_unicode_ci DEFAULT NULL,
  `nisn` varchar(255) CHARACTER SET utf8mb4 COLLATE utf8mb4_unicode_ci DEFAULT NULL,
  `nama` varchar(255) CHARACTER SET utf8mb4 COLLATE utf8mb4_unicode_ci DEFAULT NULL,
  `gender` enum('L','P') CHARACTER SET utf8mb4 COLLATE utf8mb4_unicode_ci DEFAULT NULL,
  `kelas_id` bigint UNSIGNED DEFAULT NULL,
  `password` varchar(255) CHARACTER SET utf8mb4 COLLATE utf8mb4_unicode_ci DEFAULT NULL,
  `created_at` timestamp NULL DEFAULT NULL,
  `updated_at` timestamp NULL DEFAULT NULL
) ENGINE=InnoDB DEFAULT CHARSET=utf8mb4 COLLATE=utf8mb4_unicode_ci;

--
-- Dumping data untuk tabel `users`
--

INSERT INTO `users` (`id`, `nis`, `nisn`, `nama`, `gender`, `kelas_id`, `password`, `created_at`, `updated_at`) VALUES
(1, 'gudangadmin', 'admin', 'Admin', 'L', 37, '$2y$10$uZR6iSGyRxQIslyceKCIlOkPAjuyQxvUYIXiihL2wDJs10NgfCdba', '2023-10-22 07:47:12', '2023-12-08 08:42:47'),
(2, '6778', '0', 'ADHA AWWALUL IKROM', 'L', 1, NULL, '2023-10-22 07:47:24', '2023-10-22 07:47:24'),
(3, '6779', '0', 'ANANTA JALA WIRA PUTRA', 'L', 1, NULL, '2023-10-22 07:47:24', '2023-10-22 07:47:24'),
(4, '6780', '0', 'ANAS TASYA HANA AMELIA PUTRI', 'P', 1, NULL, '2023-10-22 07:47:24', '2023-10-22 07:47:24'),
(5, '6781', '0', 'ARDEVANT RAHEA GRAHNAZUA', 'P', 1, NULL, '2023-10-22 07:47:24', '2023-10-22 07:47:24'),
(6, '6782', '0', 'AULIA DINAR RAHMAWATI', 'P', 1, NULL, '2023-10-22 07:47:24', '2023-10-22 07:47:24'),
(7, '6783', '0', 'AYUNDA FITRIANI', 'P', 1, NULL, '2023-10-22 07:47:24', '2023-10-22 07:47:24'),
(8, '6784', '0', 'BADRUTTA MANFIHIRO WIBISONO', 'L', 1, NULL, '2023-10-22 07:47:24', '2023-10-22 07:47:24'),
(9, '6785', '0', 'BELLA SEFIANA', 'P', 1, NULL, '2023-10-22 07:47:24', '2023-10-22 07:47:24'),
(10, '6786', '0', 'CINDY MEILANI ANDITA', 'P', 1, NULL, '2023-10-22 07:47:24', '2023-10-22 07:47:24'),
(11, '6787', '0', 'DEFITA AUNIKA', 'P', 1, NULL, '2023-10-22 07:47:24', '2023-10-22 07:47:24'),
(12, '6788', '0', 'DIAH AYU KUSUMANINGSIH', 'P', 1, NULL, '2023-10-22 07:47:24', '2023-10-22 07:47:24'),
(13, '6789', '0', 'DIANA FITRIYANINGRUM', 'P', 1, NULL, '2023-10-22 07:47:24', '2023-10-22 07:47:24'),
(14, '6790', '0', 'FANISA ATIKA ANGGREANI', 'P', 1, NULL, '2023-10-22 07:47:24', '2023-10-22 07:47:24'),
(15, '6791', '0', 'FARICHATUL HANIFA', 'P', 1, NULL, '2023-10-22 07:47:24', '2023-10-22 07:47:24'),
(16, '6792', '0', 'FISILA ROHMATUL HIDAYAH', 'P', 1, NULL, '2023-10-22 07:47:24', '2023-10-22 07:47:24'),
(17, '6793', '0', 'HABIBURRAHMAN EL SHIRAZY SUTRISNO', 'L', 1, NULL, '2023-10-22 07:47:24', '2023-10-22 07:47:24'),
(18, '6794', '0', 'HARFITA NAYLA HAYUNINGTYAS', 'P', 1, NULL, '2023-10-22 07:47:24', '2023-10-22 07:47:24'),
(19, '6795', '0', 'HAZRATI NABIILAH', 'P', 1, NULL, '2023-10-22 07:47:24', '2023-10-22 07:47:24'),
(20, '6796', '0', 'INTAN DWI RAHMAWATI ARYANI', 'P', 1, NULL, '2023-10-22 07:47:24', '2023-10-22 07:47:24'),
(21, '6797', '0', 'JUNIOR RIDHO FIRMANSYAH', 'L', 1, NULL, '2023-10-22 07:47:24', '2023-10-22 07:47:24'),
(22, '6798', '0', 'KANAYA RAMADHANI', 'P', 1, NULL, '2023-10-22 07:47:24', '2023-10-22 07:47:24'),
(23, '6799', '0', 'KARISA NURUL AZZAHRA', 'P', 1, NULL, '2023-10-22 07:47:24', '2023-10-22 07:47:24'),
(24, '6800', '0', 'KEYSHA AULIA FAMUS', 'P', 1, NULL, '2023-10-22 07:47:24', '2023-10-22 07:47:24'),
(25, '6801', '0', 'LYDIA AYUNDA SARI', 'P', 1, NULL, '2023-10-22 07:47:24', '2023-10-22 07:47:24'),
(26, '6802', '0', 'MUHAMMAD BAGOES JAUHARI', 'L', 1, NULL, '2023-10-22 07:47:24', '2023-10-22 07:47:24'),
(27, '6803', '0', 'MUHAMMAD BILLY WAHYU AJI', 'L', 1, NULL, '2023-10-22 07:47:24', '2023-10-22 07:47:24'),
(28, '6804', '0', 'MUHAMMAD FAREL WAFALAHDA', 'L', 1, NULL, '2023-10-22 07:47:24', '2023-10-22 07:47:24'),
(29, '6805', '0', 'NUR KHOLIFAH TALITA SRI LESTARI', 'P', 1, NULL, '2023-10-22 07:47:24', '2023-10-22 07:47:24'),
(30, '6806', '0', 'PUTRI NADYA SALSABILLA', 'P', 1, NULL, '2023-10-22 07:47:24', '2023-10-22 07:47:24'),
(31, '6807', '0', 'QORIATUL SAFIRA', 'P', 1, NULL, '2023-10-22 07:47:24', '2023-10-22 07:47:24'),
(32, '6808', '0', 'RENATHA OCTAVIA CAHYANI', 'P', 1, NULL, '2023-10-22 07:47:24', '2023-10-22 07:47:24'),
(33, '6809', '0', 'RINDU MEGANANTA', 'P', 1, NULL, '2023-10-22 07:47:24', '2023-10-22 07:47:24'),
(34, '6810', '0', 'SAFIRA AYUNITA NABIL', 'P', 1, NULL, '2023-10-22 07:47:24', '2023-10-22 07:47:24'),
(35, '6811', '0', 'SASKIA ANGGUN PERMATA DEVI', 'P', 1, NULL, '2023-10-22 07:47:24', '2023-10-22 07:47:24'),
(36, '6812', '0', 'SISKA AMELIA', 'P', 1, NULL, '2023-10-22 07:47:24', '2023-10-22 07:47:24'),
(37, '6813', '0', 'ZAKIYA NUR MAULIDA', 'P', 1, NULL, '2023-10-22 07:47:24', '2023-10-22 07:47:24'),
(38, '6814', '0', 'AGAPE ISHAK MULYADI', 'L', 2, NULL, '2023-10-22 07:47:24', '2023-10-22 07:47:24'),
(39, '6815', '0', 'AMELIA ZAHYA PUTRIANA', 'P', 2, NULL, '2023-10-22 07:47:24', '2023-10-22 07:47:24'),
(40, '6816', '0', 'ANANDA LAILA AGUSTIN', 'P', 2, NULL, '2023-10-22 07:47:24', '2023-10-22 07:47:24'),
(41, '6817', '0', 'ANITA SUANDA', 'P', 2, NULL, '2023-10-22 07:47:24', '2023-10-22 07:47:24'),
(42, '6818', '0', 'BUNGA SEKAR LINTANG PANJERINO', 'P', 2, NULL, '2023-10-22 07:47:24', '2023-10-22 07:47:24'),
(43, '6819', '0', 'DANIAR GALANG SAPUTRA', 'L', 2, NULL, '2023-10-22 07:47:24', '2023-10-22 07:47:24'),
(44, '6820', '0', 'DEVI MAEDAWATI', 'P', 2, NULL, '2023-10-22 07:47:24', '2023-10-22 07:47:24'),
(45, '6821', '0', 'DWI KHOIRUL HUDA', 'L', 2, NULL, '2023-10-22 07:47:24', '2023-10-22 07:47:24'),
(46, '6822', '0', 'DYAH AYU RIYANTI', 'P', 2, NULL, '2023-10-22 07:47:24', '2023-10-22 07:47:24'),
(47, '6823', '0', 'EFFANSA NOOR KAYLA MITRA', 'P', 2, NULL, '2023-10-22 07:47:24', '2023-10-22 07:47:24'),
(48, '6824', '0', 'FELSE MAULINA BERTSIANSYAH', 'P', 2, NULL, '2023-10-22 07:47:24', '2023-10-22 07:47:24'),
(49, '6825', '0', 'JEAN REFICHA ALFIANDANA', 'P', 2, NULL, '2023-10-22 07:47:24', '2023-10-22 07:47:24'),
(50, '6826', '0', 'KHAIRUZZIDA LUK LUUL ALFAYA', 'P', 2, NULL, '2023-10-22 07:47:24', '2023-10-22 07:47:24'),
(51, '6827', '0', 'KHUSNUL KHOTIMAH', 'P', 2, NULL, '2023-10-22 07:47:24', '2023-10-22 07:47:24'),
(52, '6828', '0', 'KISA ALYA INDRAYANI', 'P', 2, NULL, '2023-10-22 07:47:24', '2023-10-22 07:47:24'),
(53, '6829', '0', 'LINTANG ASHILA', 'P', 2, NULL, '2023-10-22 07:47:24', '2023-10-22 07:47:24'),
(54, '6830', '0', 'MEICIKA AMELIA PUTRI', 'P', 2, NULL, '2023-10-22 07:47:24', '2023-10-22 07:47:24'),
(55, '6831', '0', 'MOCHAMMAD AGRAPRASTYA AMMAR SHAAFI', 'L', 2, NULL, '2023-10-22 07:47:24', '2023-10-22 07:47:24'),
(56, '6832', '0', 'MUHAMMAD FAHRI FIRDAUSSILLAH', 'L', 2, NULL, '2023-10-22 07:47:24', '2023-10-22 07:47:24'),
(57, '6833', '0', 'MUHAMMAD ULIN NUHA', 'L', 2, NULL, '2023-10-22 07:47:24', '2023-10-22 07:47:24'),
(58, '6834', '0', 'MUTIA ASFI HAFIDAH', 'P', 2, NULL, '2023-10-22 07:47:24', '2023-10-22 07:47:24'),
(59, '6835', '0', 'NAFIS AKHYA LUTHFIA', 'P', 2, NULL, '2023-10-22 07:47:24', '2023-10-22 07:47:24'),
(60, '6836', '0', 'NASYA AL MAHRI', 'P', 2, NULL, '2023-10-22 07:47:24', '2023-10-22 07:47:24'),
(61, '6837', '0', 'PUTRI AZALIA SHAHADA', 'P', 2, NULL, '2023-10-22 07:47:24', '2023-10-22 07:47:24'),
(62, '6838', '0', 'REVALISA PUTRI', 'P', 2, NULL, '2023-10-22 07:47:24', '2023-10-22 07:47:24'),
(63, '6839', '0', 'RIFAUL AZHAR', 'P', 2, NULL, '2023-10-22 07:47:24', '2023-10-22 07:47:24'),
(64, '6840', '0', 'RIHADATUL FATMA KINANTI', 'P', 2, NULL, '2023-10-22 07:47:24', '2023-10-22 07:47:24'),
(65, '6841', '0', 'SAFITRI SUFAIDA', 'P', 2, NULL, '2023-10-22 07:47:24', '2023-10-22 07:47:24'),
(66, '6842', '0', 'SESA YULIYANI', 'P', 2, NULL, '2023-10-22 07:47:24', '2023-10-22 07:47:24'),
(67, '6843', '0', 'SIFA SALSABELA', 'P', 2, NULL, '2023-10-22 07:47:24', '2023-10-22 07:47:24'),
(68, '6844', '0', 'SOFIANA ASTARI', 'P', 2, NULL, '2023-10-22 07:47:24', '2023-10-22 07:47:24'),
(69, '6845', '0', 'TAQIA NAUZZAH SAUSAN', 'P', 2, NULL, '2023-10-22 07:47:24', '2023-10-22 07:47:24'),
(70, '6846', '0', 'VANESHA AQUILLA FITRIANINDI', 'P', 2, NULL, '2023-10-22 07:47:24', '2023-10-22 07:47:24'),
(71, '6847', '0', 'VIVIN RISMA INDRIANA', 'P', 2, NULL, '2023-10-22 07:47:24', '2023-10-22 07:47:24'),
(72, '6848', '0', 'WIWIK NOOR WIJAYANTI', 'P', 2, NULL, '2023-10-22 07:47:24', '2023-10-22 07:47:24'),
(73, '6849', '0', 'ZACKY RADITYA PUTRA PRABOWO', 'L', 2, NULL, '2023-10-22 07:47:24', '2023-10-22 07:47:24'),
(74, '6850', '0', 'ACHMAD AGUNG WIBOWO', 'L', 3, NULL, '2023-10-22 07:47:24', '2023-10-22 07:47:24'),
(75, '6851', '0', 'ACHMAD AMEER ALI', 'L', 3, NULL, '2023-10-22 07:47:24', '2023-10-22 07:47:24'),
(76, '6852', '0', 'ALIFAH ULYA RAMANDHANI', 'P', 3, NULL, '2023-10-22 07:47:24', '2023-10-22 07:47:24'),
(77, '6853', '0', 'ANAS FIRMANSYAH', 'L', 3, NULL, '2023-10-22 07:47:24', '2023-10-22 07:47:24'),
(78, '6854', '0', 'ANNISA SRI WAHYUNI', 'P', 3, NULL, '2023-10-22 07:47:24', '2023-10-22 07:47:24'),
(79, '6855', '0', 'CHYNTIA AYU DWI AZ ZAHRA', 'P', 3, NULL, '2023-10-22 07:47:24', '2023-10-22 07:47:24'),
(80, '6856', '0', 'DELA APRILIA SANDRA', 'P', 3, NULL, '2023-10-22 07:47:24', '2023-10-22 07:47:24'),
(81, '6857', '0', 'DEVITA ANDRIANI', 'P', 3, NULL, '2023-10-22 07:47:24', '2023-10-22 07:47:24'),
(82, '6858', '0', 'DWI RIYANTI', 'P', 3, NULL, '2023-10-22 07:47:24', '2023-10-22 07:47:24'),
(83, '6859', '0', 'EKA NAYSELA RAMADHANI', 'P', 3, NULL, '2023-10-22 07:47:24', '2023-10-22 07:47:24'),
(84, '6860', '0', 'FIDA NURIL KHASANAH', 'P', 3, NULL, '2023-10-22 07:47:24', '2023-10-22 07:47:24'),
(85, '6861', '0', 'FINA NOVIYANTI', 'P', 3, NULL, '2023-10-22 07:47:24', '2023-10-22 07:47:24'),
(86, '6862', '0', 'KAMILIA SALWA FADILAH', 'P', 3, NULL, '2023-10-22 07:47:24', '2023-10-22 07:47:24'),
(87, '6863', '0', 'LABIBATUZ ZAHRA SYAIFA', 'P', 3, NULL, '2023-10-22 07:47:24', '2023-10-22 07:47:24'),
(88, '6864', '0', 'LUFIA FEBRIANA PUTRI SEKAR SARI', 'P', 3, NULL, '2023-10-22 07:47:24', '2023-10-22 07:47:24'),
(89, '6865', '0', 'MOHAMAD ADI SAPUTRA', 'L', 3, NULL, '2023-10-22 07:47:24', '2023-10-22 07:47:24'),
(90, '6866', '0', 'MUHAMMAD RIZKY DWI FEBRIAN', 'L', 3, NULL, '2023-10-22 07:47:24', '2023-10-22 07:47:24'),
(91, '6867', '0', 'MUHAMMAD YAASIIN NOOR IMAN', 'L', 3, NULL, '2023-10-22 07:47:24', '2023-10-22 07:47:24'),
(92, '6868', '0', 'MUTIATUZ ZAHRO TUNNUR', 'P', 3, NULL, '2023-10-22 07:47:24', '2023-10-22 07:47:24'),
(93, '6869', '0', 'NAILA RISTIYANI', 'P', 3, NULL, '2023-10-22 07:47:24', '2023-10-22 07:47:24'),
(94, '6870', '0', 'NOVITA AYUMI', 'P', 3, NULL, '2023-10-22 07:47:24', '2023-10-22 07:47:24'),
(95, '6871', '0', 'RETNO SRI RAHAYU', 'P', 3, NULL, '2023-10-22 07:47:24', '2023-10-22 07:47:24'),
(96, '6872', '0', 'RIZKA ANANTA DESTYA INDRASTATA', 'P', 3, NULL, '2023-10-22 07:47:24', '2023-10-22 07:47:24'),
(97, '6873', '0', 'SANIA ZUNA TRIYA', 'P', 3, NULL, '2023-10-22 07:47:24', '2023-10-22 07:47:24'),
(98, '6874', '0', 'SATRIA DUTA PANDAWA', 'L', 3, NULL, '2023-10-22 07:47:24', '2023-10-22 07:47:24'),
(99, '6875', '0', 'SHELLA ADZANI', 'P', 3, NULL, '2023-10-22 07:47:24', '2023-10-22 07:47:24'),
(100, '6876', '0', 'SHELLA MARCHELINA', 'P', 3, NULL, '2023-10-22 07:47:24', '2023-10-22 07:47:24'),
(101, '6877', '0', 'SHERINA ULYA AMANDA', 'P', 3, NULL, '2023-10-22 07:47:24', '2023-10-22 07:47:24'),
(102, '6878', '0', 'SITI AISYAH', 'P', 3, NULL, '2023-10-22 07:47:24', '2023-10-22 07:47:24'),
(103, '6879', '0', 'SITI KHOLIFATUN', 'P', 3, NULL, '2023-10-22 07:47:24', '2023-10-22 07:47:24'),
(104, '6880', '0', 'SRI RAHMANITA', 'P', 3, NULL, '2023-10-22 07:47:24', '2023-10-22 07:47:24'),
(105, '6881', '0', 'TITANIA CHELSEA ALEXANDRIA', 'P', 3, NULL, '2023-10-22 07:47:24', '2023-10-22 07:47:24'),
(106, '6882', '0', 'VIA AVIANI', 'P', 3, NULL, '2023-10-22 07:47:24', '2023-10-22 07:47:24'),
(107, '6883', '0', 'WAHYU ALENTA RAHADATUL AISY NASYA', 'P', 3, NULL, '2023-10-22 07:47:24', '2023-10-22 07:47:24'),
(108, '6884', '0', 'ZAAFARANI ZAIDAN', 'L', 3, NULL, '2023-10-22 07:47:24', '2023-10-22 07:47:24'),
(109, '6885', '0', 'ZAHROTUL AZZAFIRA', 'P', 3, NULL, '2023-10-22 07:47:24', '2023-10-22 07:47:24'),
(110, '6886', '0', 'ADINDA KHOIRUNNISA', 'P', 4, NULL, '2023-10-22 07:47:24', '2023-10-22 07:47:24'),
(111, '6887', '0', 'ALVINO LANA DENTA', 'L', 4, NULL, '2023-10-22 07:47:24', '2023-10-22 07:47:24'),
(112, '6888', '0', 'ANGGIA ARUM CAHYATI', 'P', 4, NULL, '2023-10-22 07:47:24', '2023-10-22 07:47:24'),
(113, '6889', '0', 'BELLA AULIA RAMANDANI', 'P', 4, NULL, '2023-10-22 07:47:24', '2023-10-22 07:47:24'),
(114, '6890', '0', 'BINTANG AZZAHRA', 'P', 4, NULL, '2023-10-22 07:47:24', '2023-10-22 07:47:24'),
(115, '6891', '0', 'CITRA INDIRA', 'P', 4, NULL, '2023-10-22 07:47:24', '2023-10-22 07:47:24'),
(116, '6892', '0', 'DESY RACHMAWATI', 'P', 4, NULL, '2023-10-22 07:47:24', '2023-10-22 07:47:24'),
(117, '6893', '0', 'DEVITA RIZQI WIDIASTUTI', 'P', 4, NULL, '2023-10-22 07:47:24', '2023-10-22 07:47:24'),
(118, '6894', '0', 'DIANA APRILIA PUTRI', 'P', 4, NULL, '2023-10-22 07:47:24', '2023-10-22 07:47:24'),
(119, '6895', '0', 'DISTIA NURFIAH RIYANTI', 'P', 4, NULL, '2023-10-22 07:47:24', '2023-10-22 07:47:24'),
(120, '6896', '0', 'DYAH AYU RINA MAHARANI', 'P', 4, NULL, '2023-10-22 07:47:24', '2023-10-22 07:47:24'),
(121, '6897', '0', 'EMMY SULISTIANY', 'P', 4, NULL, '2023-10-22 07:47:24', '2023-10-22 07:47:24'),
(122, '6898', '0', 'ISNA ULYA FARIDA', 'P', 4, NULL, '2023-10-22 07:47:24', '2023-10-22 07:47:24'),
(123, '6899', '0', 'KEVIN EDLYN DANISWARA', 'L', 4, NULL, '2023-10-22 07:47:24', '2023-10-22 07:47:24'),
(124, '6900', '0', 'LINDA PUTRI ANANDA', 'P', 4, NULL, '2023-10-22 07:47:24', '2023-10-22 07:47:24'),
(125, '6901', '0', 'MAWAR SAGITA', 'P', 4, NULL, '2023-10-22 07:47:24', '2023-10-22 07:47:24'),
(126, '6902', '0', 'MUHAMMAD ARIF', 'L', 4, NULL, '2023-10-22 07:47:24', '2023-10-22 07:47:24'),
(127, '6903', '0', 'MUHAMMAD IHZA FERNANDO SUGENG RAHAYU', 'L', 4, NULL, '2023-10-22 07:47:24', '2023-10-22 07:47:24'),
(128, '6904', '0', 'MUHAMMAD SURURIL WAFA', 'L', 4, NULL, '2023-10-22 07:47:24', '2023-10-22 07:47:24'),
(129, '6905', '0', 'MUHAMMAD YUSRUL FALAH', 'L', 4, NULL, '2023-10-22 07:47:24', '2023-10-22 07:47:24'),
(130, '6906', '0', 'NADYA BUNGA ANGGREYANI', 'P', 4, NULL, '2023-10-22 07:47:24', '2023-10-22 07:47:24'),
(131, '6907', '0', 'NANDA RIZKI ADIRA', 'L', 4, NULL, '2023-10-22 07:47:24', '2023-10-22 07:47:24'),
(132, '6908', '0', 'NISA RESA ANIANSAH', 'P', 4, NULL, '2023-10-22 07:47:24', '2023-10-22 07:47:24'),
(133, '6909', '0', 'NURUL \'AINI', 'P', 4, NULL, '2023-10-22 07:47:24', '2023-10-22 07:47:24'),
(134, '6910', '0', 'RICHARDO ARIF HARIANTO', 'L', 4, NULL, '2023-10-22 07:47:24', '2023-10-22 07:47:24'),
(135, '6911', '0', 'ROSA DWY OKTAVIA', 'P', 4, NULL, '2023-10-22 07:47:24', '2023-10-22 07:47:24'),
(136, '6912', '0', 'SELLYTA ALMIRA PUTRI', 'P', 4, NULL, '2023-10-22 07:47:24', '2023-10-22 07:47:24'),
(137, '6913', '0', 'SHILVA SEPTYA FEBRIANTI', 'P', 4, NULL, '2023-10-22 07:47:24', '2023-10-22 07:47:24'),
(138, '6914', '0', 'SITI ROHMAH', 'P', 4, NULL, '2023-10-22 07:47:24', '2023-10-22 07:47:24'),
(139, '6915', '0', 'SUKMA LATIFA AJI MULYO', 'P', 4, NULL, '2023-10-22 07:47:24', '2023-10-22 07:47:24'),
(140, '6916', '0', 'SYIFA WASI\'UL MAGHFIROH', 'P', 4, NULL, '2023-10-22 07:47:24', '2023-10-22 07:47:24'),
(141, '6917', '0', 'TRIANA MAR\'ATUS SHOLICHAH', 'P', 4, NULL, '2023-10-22 07:47:24', '2023-10-22 07:47:24'),
(142, '6918', '0', 'VIONNA NURISMA', 'P', 4, NULL, '2023-10-22 07:47:24', '2023-10-22 07:47:24'),
(143, '6919', '0', 'VIVI ZAKIYYATUL FITRIANI', 'P', 4, NULL, '2023-10-22 07:47:24', '2023-10-22 07:47:24'),
(144, '6920', '0', 'WARDATUN NAFISAH', 'P', 4, NULL, '2023-10-22 07:47:24', '2023-10-22 07:47:24'),
(145, '6921', '0', 'ZA\'AHRA LAILATUS SITA', 'P', 4, NULL, '2023-10-22 07:47:24', '2023-10-22 07:47:24'),
(146, '6344', '0', 'ADITYA WARMAN', 'L', 13, NULL, '2023-10-22 07:47:24', '2023-10-22 07:47:24'),
(147, '6345', '0', 'ALTAFFAREL DETALENTA AZKA SHEVA', 'L', 13, NULL, '2023-10-22 07:47:24', '2023-10-22 07:47:24'),
(148, '6346', '0', 'ANINDA MEYFINA AZZAHWA', 'P', 13, NULL, '2023-10-22 07:47:24', '2023-10-22 07:47:24'),
(149, '6347', '0', 'ANISA LUTFIA ROHMAH', 'P', 13, NULL, '2023-10-22 07:47:24', '2023-10-22 07:47:24'),
(150, '6348', '0', 'ARYA DANU MAHENDRA', 'L', 13, NULL, '2023-10-22 07:47:24', '2023-10-22 07:47:24'),
(151, '6349', '0', 'AYNAYYA CHAERUNNISA RAHAYU MADINATA ILMI', 'P', 13, NULL, '2023-10-22 07:47:24', '2023-10-22 07:47:24'),
(152, '6350', '0', 'CINDY FLORENCIA MAULIDIA SARI', 'P', 13, NULL, '2023-10-22 07:47:24', '2023-10-22 07:47:24'),
(153, '6351', '0', 'DELA AFITA KHALIMAH', 'P', 13, NULL, '2023-10-22 07:47:24', '2023-10-22 07:47:24'),
(154, '6352', '0', 'DESVITA INDAH PERMATASARI', 'P', 13, NULL, '2023-10-22 07:47:24', '2023-10-22 07:47:24'),
(155, '6353', '0', 'DEWI RAHMAWATI', 'P', 13, NULL, '2023-10-22 07:47:24', '2023-10-22 07:47:24'),
(156, '6354', '0', 'DYONICIUS ARTA', 'L', 13, NULL, '2023-10-22 07:47:24', '2023-10-22 07:47:24'),
(157, '6355', '0', 'EJELITA ELIFATUN NISA', 'P', 13, NULL, '2023-10-22 07:47:24', '2023-10-22 07:47:24'),
(158, '6356', '0', 'FANDILLAH AKBAR ARIYANTO', 'L', 13, NULL, '2023-10-22 07:47:24', '2023-10-22 07:47:24'),
(159, '6357', '0', 'FIDYA SEPTIANI', 'P', 13, NULL, '2023-10-22 07:47:24', '2023-10-22 07:47:24'),
(160, '6358', '0', 'GUNAWAN WIBISONO', 'L', 13, NULL, '2023-10-22 07:47:24', '2023-10-22 07:47:24'),
(161, '6359', '0', 'HEDWIG CHESIA LOUDI ARLITA', 'P', 13, NULL, '2023-10-22 07:47:24', '2023-10-22 07:47:24'),
(162, '6360', '0', 'ISMAIL', 'L', 13, NULL, '2023-10-22 07:47:24', '2023-10-22 07:47:24'),
(163, '6361', '0', 'JULIA PRISKA AULIA', 'P', 13, NULL, '2023-10-22 07:47:24', '2023-10-22 07:47:24'),
(164, '6362', '0', 'LAILA NURUSSIFA', 'P', 13, NULL, '2023-10-22 07:47:24', '2023-10-22 07:47:24'),
(165, '6363', '0', 'MASITA PUTRI SUPRIYANTO', 'P', 13, NULL, '2023-10-22 07:47:24', '2023-10-22 07:47:24'),
(166, '6364', '0', 'MEYLA PUTRIANA', 'P', 13, NULL, '2023-10-22 07:47:24', '2023-10-22 07:47:24'),
(167, '6365', '0', 'MIYANDHA THESA BELLA SAFARA', 'P', 13, NULL, '2023-10-22 07:47:24', '2023-10-22 07:47:24'),
(168, '6366', '0', 'MUHAMMAD ALIF DIMAS ARYA SENO', 'L', 13, NULL, '2023-10-22 07:47:24', '2023-10-22 07:47:24'),
(169, '6367', '0', 'MUHAMMAD RAMZI RO`IF', 'L', 13, NULL, '2023-10-22 07:47:24', '2023-10-22 07:47:24'),
(170, '6368', '0', 'NADIA ALYA RAISHA', 'P', 13, NULL, '2023-10-22 07:47:24', '2023-10-22 07:47:24'),
(171, '6369', '0', 'NADINE AZMIRA ANWAR', 'P', 13, NULL, '2023-10-22 07:47:24', '2023-10-22 07:47:24'),
(172, '6370', '0', 'NUR LAELY MUBAROKAH', 'P', 13, NULL, '2023-10-22 07:47:24', '2023-10-22 07:47:24'),
(173, '6371', '0', 'PUTRI DHIYA ATIQOH', 'P', 13, NULL, '2023-10-22 07:47:24', '2023-10-22 07:47:24'),
(174, '6372', '0', 'RAHAYU ENDAH SURYANI', 'P', 13, NULL, '2023-10-22 07:47:24', '2023-10-22 07:47:24'),
(175, '6373', '0', 'ROHMATUL UMMAH', 'P', 13, NULL, '2023-10-22 07:47:24', '2023-10-22 07:47:24'),
(176, '6374', '0', 'SA\'DIYAH ALIF WARDHANI', 'P', 13, NULL, '2023-10-22 07:47:24', '2023-10-22 07:47:24'),
(177, '6375', '0', 'SEKAR AYU RISTA KUSUMA DEWI', 'P', 13, NULL, '2023-10-22 07:47:24', '2023-10-22 07:47:24'),
(178, '6376', '0', 'SOFIANA NUR AINI', 'P', 13, NULL, '2023-10-22 07:47:24', '2023-10-22 07:47:24'),
(179, '6377', '0', 'WILDA QUMIL LAILA', 'P', 13, NULL, '2023-10-22 07:47:24', '2023-10-22 07:47:24'),
(180, '6378', '0', 'WINDHA MEILA REVALINA', 'P', 13, NULL, '2023-10-22 07:47:24', '2023-10-22 07:47:24'),
(181, '6379', '0', 'ZAKARIA YAHYA', 'L', 13, NULL, '2023-10-22 07:47:24', '2023-10-22 07:47:24'),
(182, '6380', '0', 'AHMAD FATIR ARRAFI', 'L', 14, NULL, '2023-10-22 07:47:24', '2023-10-22 07:47:24'),
(183, '6381', '0', 'ALISYA SALMA AZZAHRA', 'P', 14, NULL, '2023-10-22 07:47:24', '2023-10-22 07:47:24'),
(184, '6382', '0', 'ANANDA DISTA NAVA FLORENSIA', 'P', 14, NULL, '2023-10-22 07:47:24', '2023-10-22 07:47:24'),
(185, '6383', '0', 'AULIA PRAWESTIWI OKTABIYANTI', 'P', 14, NULL, '2023-10-22 07:47:24', '2023-10-22 07:47:24'),
(186, '6384', '0', 'AULIA RESTI AGUSTINA', 'P', 14, NULL, '2023-10-22 07:47:24', '2023-10-22 07:47:24'),
(187, '6385', '0', 'CINDY FERINA AGUSTIN', 'P', 14, NULL, '2023-10-22 07:47:24', '2023-10-22 07:47:24'),
(188, '6386', '0', 'DAVID HERMAWAN SYAHPUTRA', 'L', 14, NULL, '2023-10-22 07:47:24', '2023-10-22 07:47:24'),
(189, '6387', '0', 'DHINA JESSICA ADELIA', 'P', 14, NULL, '2023-10-22 07:47:24', '2023-10-22 07:47:24'),
(190, '6388', '0', 'DILLA PUJI RAHAYU', 'P', 14, NULL, '2023-10-22 07:47:24', '2023-10-22 07:47:24'),
(191, '6389', '0', 'DWI FITRI NUR SYFABILA', 'P', 14, NULL, '2023-10-22 07:47:24', '2023-10-22 07:47:24'),
(192, '6390', '0', 'EKA FRIDASARI', 'P', 14, NULL, '2023-10-22 07:47:24', '2023-10-22 07:47:24'),
(193, '6391', '0', 'FIBRIA NOOR UTAMI', 'P', 14, NULL, '2023-10-22 07:47:24', '2023-10-22 07:47:24'),
(194, '6392', '0', 'FIRDAUS HANDRISKA MAULANA', 'L', 14, NULL, '2023-10-22 07:47:24', '2023-10-22 07:47:24'),
(195, '6393', '0', 'IKHZATUN NAFISA', 'P', 14, NULL, '2023-10-22 07:47:24', '2023-10-22 07:47:24'),
(196, '6394', '0', 'LEONITA AFIA NATASYA', 'P', 14, NULL, '2023-10-22 07:47:24', '2023-10-22 07:47:24'),
(197, '6395', '0', 'MAYA ANDA RISTA', 'P', 14, NULL, '2023-10-22 07:47:24', '2023-10-22 07:47:24'),
(198, '6396', '0', 'MUHAMMAD ABDAN FAZAFARIZKY', 'L', 14, NULL, '2023-10-22 07:47:24', '2023-10-22 07:47:24'),
(199, '6397', '0', 'MUHAMMAD AIDIL ANANTARA', 'L', 14, NULL, '2023-10-22 07:47:24', '2023-10-22 07:47:24'),
(200, '6398', '0', 'MUHAMMAD RULLYANSAH FADHLY WICAKSONO', 'L', 14, NULL, '2023-10-22 07:47:24', '2023-10-22 07:47:24'),
(201, '6399', '0', 'NABILLA SEPTIANA PUTRI', 'P', 14, NULL, '2023-10-22 07:47:24', '2023-10-22 07:47:24'),
(202, '6400', '0', 'NAILA FAUSTINA CANDRANINGTYAS', 'P', 14, NULL, '2023-10-22 07:47:24', '2023-10-22 07:47:24'),
(203, '6401', '0', 'NAILA IFFA FUADAH', 'P', 14, NULL, '2023-10-22 07:47:24', '2023-10-22 07:47:24'),
(204, '6402', '0', 'NANDA FEBRIANA NAFISATUZZAHRA', 'P', 14, NULL, '2023-10-22 07:47:24', '2023-10-22 07:47:24'),
(205, '6403', '0', 'NASILLA PUSPA ARDANA', 'P', 14, NULL, '2023-10-22 07:47:24', '2023-10-22 07:47:24'),
(206, '6404', '0', 'NURUL AULIA SILVIANI', 'P', 14, NULL, '2023-10-22 07:47:24', '2023-10-22 07:47:24'),
(207, '6405', '0', 'RAFID HIDAYAT', 'L', 14, NULL, '2023-10-22 07:47:24', '2023-10-22 07:47:24'),
(208, '6406', '0', 'RAHMA DWI RAHAYU', 'P', 14, NULL, '2023-10-22 07:47:24', '2023-10-22 07:47:24'),
(209, '6407', '0', 'RAMADITYA SYAQIB AHMAD', 'L', 14, NULL, '2023-10-22 07:47:24', '2023-10-22 07:47:24'),
(210, '6408', '0', 'RANUM ANGGRAINI', 'P', 14, NULL, '2023-10-22 07:47:24', '2023-10-22 07:47:24'),
(211, '6409', '0', 'REVA AYU FERNANDA', 'P', 14, NULL, '2023-10-22 07:47:24', '2023-10-22 07:47:24'),
(212, '6410', '0', 'REVI MARISKA', 'P', 14, NULL, '2023-10-22 07:47:24', '2023-10-22 07:47:24'),
(213, '6411', '0', 'SAFIKA NAELA PUTRI', 'P', 14, NULL, '2023-10-22 07:47:24', '2023-10-22 07:47:24'),
(214, '6412', '0', 'SERA RIZKIANA', 'P', 14, NULL, '2023-10-22 07:47:24', '2023-10-22 07:47:24'),
(215, '6413', '0', 'WISNU RASYA ADIWIDYA', 'L', 14, NULL, '2023-10-22 07:47:24', '2023-10-22 07:47:24'),
(216, '6414', '0', 'WULAN RAHMADHANI', 'P', 14, NULL, '2023-10-22 07:47:24', '2023-10-22 07:47:24'),
(217, '6415', '0', 'YOGI DWI SAHPUTRA', 'L', 14, NULL, '2023-10-22 07:47:24', '2023-10-22 07:47:24'),
(218, '6416', '0', 'AHDI MUSTAGHISIN', 'L', 15, NULL, '2023-10-22 07:47:24', '2023-10-22 07:47:24'),
(219, '6417', '0', 'ALIFIAN SALMAN PUTRA KUSUMA', 'L', 15, NULL, '2023-10-22 07:47:24', '2023-10-22 07:47:24'),
(220, '6418', '0', 'ALMA DIYAH PUJIASTUTI', 'P', 15, NULL, '2023-10-22 07:47:24', '2023-10-22 07:47:24'),
(221, '6419', '0', 'ANDRA KURNIA RAMADHAN', 'L', 15, NULL, '2023-10-22 07:47:24', '2023-10-22 07:47:24'),
(222, '6420', '0', 'APRILIA DWI JAYANTI', 'P', 15, NULL, '2023-10-22 07:47:24', '2023-10-22 07:47:24'),
(223, '6421', '0', 'AZZAHRA ALVINA PUTRI', 'P', 15, NULL, '2023-10-22 07:47:24', '2023-10-22 07:47:24'),
(224, '6422', '0', 'CHELSEA NATHANIA', 'P', 15, NULL, '2023-10-22 07:47:24', '2023-10-22 07:47:24'),
(225, '6423', '0', 'DINDA ARUM PRATIWI', 'P', 15, NULL, '2023-10-22 07:47:24', '2023-10-22 07:47:24'),
(226, '6424', '0', 'DODY IRFANTO', 'L', 15, NULL, '2023-10-22 07:47:24', '2023-10-22 07:47:24'),
(227, '6425', '0', 'DWI ANGGI RAHMAWATI', 'P', 15, NULL, '2023-10-22 07:47:24', '2023-10-22 07:47:24'),
(228, '6426', '0', 'FAHRIZAL FIANDIKA PUTRA', 'L', 15, NULL, '2023-10-22 07:47:24', '2023-10-22 07:47:24'),
(229, '6427', '0', 'FAREL DIAZ ADISTIRA', 'L', 15, NULL, '2023-10-22 07:47:24', '2023-10-22 07:47:24'),
(230, '6428', '0', 'FITHRIYANI NOFITASARI', 'P', 15, NULL, '2023-10-22 07:47:24', '2023-10-22 07:47:24'),
(231, '6429', '0', 'HESTI MAULIYANA', 'P', 15, NULL, '2023-10-22 07:47:24', '2023-10-22 07:47:24'),
(232, '6430', '0', 'IFANA ROSYIDA', 'P', 15, NULL, '2023-10-22 07:47:24', '2023-10-22 07:47:24'),
(233, '6431', '0', 'IVA DIANA', 'P', 15, NULL, '2023-10-22 07:47:24', '2023-10-22 07:47:24'),
(234, '6432', '0', 'IZZATU NIDAA\'', 'P', 15, NULL, '2023-10-22 07:47:24', '2023-10-22 07:47:24'),
(235, '6433', '0', 'LATIFA LOVELYA WIDANTI', 'P', 15, NULL, '2023-10-22 07:47:24', '2023-10-22 07:47:24'),
(236, '6434', '0', 'LEDISTA RAMADHANI', 'P', 15, NULL, '2023-10-22 07:47:24', '2023-10-22 07:47:24'),
(237, '6435', '0', 'MIFTA AULIA UNNISA', 'P', 15, NULL, '2023-10-22 07:47:24', '2023-10-22 07:47:24'),
(238, '6436', '0', 'MUHAMMAD ALY ALFA YASIR', 'L', 15, NULL, '2023-10-22 07:47:24', '2023-10-22 07:47:24'),
(239, '6437', '0', 'MUHAMMAD HANIF LADZUARDI', 'L', 15, NULL, '2023-10-22 07:47:24', '2023-10-22 07:47:24'),
(240, '6438', '0', 'MUHAMMAD RIYAN PRAYOGO', 'L', 15, NULL, '2023-10-22 07:47:24', '2023-10-22 07:47:24'),
(241, '6439', '0', 'NATASYA SELVIA NUGRAHA', 'P', 15, NULL, '2023-10-22 07:47:24', '2023-10-22 07:47:24'),
(242, '6440', '0', 'NOOR HIDAYANTI', 'P', 15, NULL, '2023-10-22 07:47:24', '2023-10-22 07:47:24'),
(243, '6441', '0', 'PANJI ARYA PANGESTU', 'L', 15, NULL, '2023-10-22 07:47:24', '2023-10-22 07:47:24'),
(244, '6442', '0', 'PUTRI FATMAWATI AGUSTINA', 'P', 15, NULL, '2023-10-22 07:47:24', '2023-10-22 07:47:24'),
(245, '6443', '0', 'R. DWI ANANDA', 'P', 15, NULL, '2023-10-22 07:47:24', '2023-10-22 07:47:24'),
(246, '6444', '0', 'REVI DWI ROHMATUL NOR HIDAYAH', 'P', 15, NULL, '2023-10-22 07:47:24', '2023-10-22 07:47:24'),
(247, '6445', '0', 'SALSABILA NUR AINI', 'P', 15, NULL, '2023-10-22 07:47:24', '2023-10-22 07:47:24'),
(248, '6446', '0', 'SEPTI CAHYA RAMA DHANI', 'P', 15, NULL, '2023-10-22 07:47:24', '2023-10-22 07:47:24'),
(249, '6447', '0', 'SHINTA AYU NOVITA SARI', 'P', 15, NULL, '2023-10-22 07:47:24', '2023-10-22 07:47:24'),
(250, '6448', '0', 'SILVIA NUR RAMADHANI', 'P', 15, NULL, '2023-10-22 07:47:24', '2023-10-22 07:47:24'),
(251, '6449', '0', 'SISKA NOVITA SARI', 'P', 15, NULL, '2023-10-22 07:47:24', '2023-10-22 07:47:24'),
(252, '6450', '0', 'ULIA SARI', 'P', 15, NULL, '2023-10-22 07:47:24', '2023-10-22 07:47:24'),
(253, '6451', '0', 'ZULFANI ARCHIKA SARI', 'P', 15, NULL, '2023-10-22 07:47:24', '2023-10-22 07:47:24'),
(254, '6452', '0', 'ABDUL HAFIDZ', 'L', 16, NULL, '2023-10-22 07:47:24', '2023-10-22 07:47:24'),
(255, '6453', '0', 'ABELLIA DWI CAHYANI', 'P', 16, NULL, '2023-10-22 07:47:24', '2023-10-22 07:47:24'),
(256, '6454', '0', 'ADI ASHAABILMAS\'A', 'L', 16, NULL, '2023-10-22 07:47:24', '2023-10-22 07:47:24'),
(257, '6455', '0', 'AFI ATUL NURUL ULFA', 'P', 16, NULL, '2023-10-22 07:47:24', '2023-10-22 07:47:24'),
(258, '6456', '0', 'ALFINA SALSA RAHMAWATI', 'P', 16, NULL, '2023-10-22 07:47:24', '2023-10-22 07:47:24'),
(259, '6457', '0', 'ANDIKA MAULANA HUDA', 'L', 16, NULL, '2023-10-22 07:47:24', '2023-10-22 07:47:24'),
(260, '6458', '0', 'ANGGA DIMAS SAPUTRA', 'L', 16, NULL, '2023-10-22 07:47:24', '2023-10-22 07:47:24'),
(261, '6459', '0', 'CENDI NOR SETIYOWATI', 'P', 16, NULL, '2023-10-22 07:47:24', '2023-10-22 07:47:24'),
(262, '6460', '0', 'DEVANDA SHIVA ADITYA SOFIANA', 'L', 16, NULL, '2023-10-22 07:47:24', '2023-10-22 07:47:24'),
(263, '6461', '0', 'DEVINA INDRI WULANSARI', 'P', 16, NULL, '2023-10-22 07:47:24', '2023-10-22 07:47:24'),
(264, '6462', '0', 'EKA SAFITRI', 'P', 16, NULL, '2023-10-22 07:47:24', '2023-10-22 07:47:24'),
(265, '6463', '0', 'ELVIRA FANNYA PUTRI', 'P', 16, NULL, '2023-10-22 07:47:24', '2023-10-22 07:47:24'),
(266, '6464', '0', 'ERINA DWI AISYA', 'P', 16, NULL, '2023-10-22 07:47:24', '2023-10-22 07:47:24'),
(267, '6465', '0', 'FINA \'AINURROHMAH', 'P', 16, NULL, '2023-10-22 07:47:24', '2023-10-22 07:47:24'),
(268, '6466', '0', 'LUSIANA FARIDA YANI', 'P', 16, NULL, '2023-10-22 07:47:24', '2023-10-22 07:47:24'),
(269, '6467', '0', 'MEYVITA HANDAYANI', 'P', 16, NULL, '2023-10-22 07:47:24', '2023-10-22 07:47:24'),
(270, '6468', '0', 'MONA LAILA SARI', 'P', 16, NULL, '2023-10-22 07:47:24', '2023-10-22 07:47:24'),
(271, '6469', '0', 'MUHAMMAD FAHRUL RIZKI', 'L', 16, NULL, '2023-10-22 07:47:24', '2023-10-22 07:47:24'),
(272, '6470', '0', 'MUTIARA CANDRA DEWI WAHYUNINGTYAS', 'P', 16, NULL, '2023-10-22 07:47:24', '2023-10-22 07:47:24'),
(273, '6471', '0', 'NABILA TAQIYYA AZZUKHRUFA', 'P', 16, NULL, '2023-10-22 07:47:24', '2023-10-22 07:47:24'),
(274, '6472', '0', 'NADIA ZAZQIA NASHWA ZAHRA', 'P', 16, NULL, '2023-10-22 07:47:24', '2023-10-22 07:47:24'),
(275, '6473', '0', 'NAILA RAHMATIKA', 'P', 16, NULL, '2023-10-22 07:47:24', '2023-10-22 07:47:24'),
(276, '6474', '0', 'REYNASHVA ZAKHIVSHA FIDALLIA', 'P', 16, NULL, '2023-10-22 07:47:24', '2023-10-22 07:47:24'),
(277, '6475', '0', 'RISKA AULIA PUTRI', 'P', 16, NULL, '2023-10-22 07:47:24', '2023-10-22 07:47:24'),
(278, '6476', '0', 'RISKA ISWANDARI', 'P', 16, NULL, '2023-10-22 07:47:24', '2023-10-22 07:47:24'),
(279, '6477', '0', 'RIZKY FAHRA MAULANA', 'P', 16, NULL, '2023-10-22 07:47:24', '2023-10-22 07:47:24'),
(280, '6478', '0', 'ROHMATUL HABIBAH', 'P', 16, NULL, '2023-10-22 07:47:24', '2023-10-22 07:47:24'),
(281, '6479', '0', 'SELFIANA ECCA YANTI', 'P', 16, NULL, '2023-10-22 07:47:24', '2023-10-22 07:47:24'),
(282, '6480', '0', 'SELLA AULIA MAHARANI', 'P', 16, NULL, '2023-10-22 07:47:24', '2023-10-22 07:47:24'),
(283, '6481', '0', 'SELO MITA', 'P', 16, NULL, '2023-10-22 07:47:24', '2023-10-22 07:47:24'),
(284, '6482', '0', 'SHEKHA NORMALA', 'P', 16, NULL, '2023-10-22 07:47:24', '2023-10-22 07:47:24'),
(285, '6483', '0', 'SILKAMALAL MA\'RIFAH', 'P', 16, NULL, '2023-10-22 07:47:24', '2023-10-22 07:47:24'),
(286, '6484', '0', 'TEGAR BAGUS SATRIA', 'L', 16, NULL, '2023-10-22 07:47:24', '2023-10-22 07:47:24'),
(287, '6485', '0', 'VINA NOOR AZIZAH', 'P', 16, NULL, '2023-10-22 07:47:24', '2023-10-22 07:47:24'),
(288, '6486', '0', 'WAHIDAH NOOR ROHMAH', 'P', 16, NULL, '2023-10-22 07:47:24', '2023-10-22 07:47:24'),
(289, '6487', '0', 'ZULIA ARSINTA XIELINA', 'P', 16, NULL, '2023-10-22 07:47:24', '2023-10-22 07:47:24'),
(290, '5911', '0', 'AMELIA DWI YULIA MOCHTAR', 'P', 25, NULL, '2023-10-22 07:47:24', '2023-10-22 07:47:24'),
(291, '5912', '0', 'ANANDA NUR SYIFA', 'P', 25, NULL, '2023-10-22 07:47:24', '2023-10-22 07:47:24'),
(292, '5913', '0', 'ANDRIANI KHOMARIYAH', 'P', 25, NULL, '2023-10-22 07:47:24', '2023-10-22 07:47:24'),
(293, '5914', '0', 'ANINDA APRILIANA', 'P', 25, NULL, '2023-10-22 07:47:24', '2023-10-22 07:47:24'),
(294, '5915', '0', 'CRISTIAN RONAL ALEXIANDER', 'L', 25, NULL, '2023-10-22 07:47:24', '2023-10-22 07:47:24'),
(295, '5916', '0', 'DELA PUTRI WIJAYANTI', 'P', 25, NULL, '2023-10-22 07:47:24', '2023-10-22 07:47:24'),
(296, '5917', '0', 'DENDI\' SETIAWAN', 'L', 25, NULL, '2023-10-22 07:47:24', '2023-10-22 07:47:24'),
(297, '5918', '0', 'DEWI ROKHMATUN', 'P', 25, NULL, '2023-10-22 07:47:24', '2023-10-22 07:47:24'),
(298, '5919', '0', 'EVI SEPTIANA DEWI', 'P', 25, NULL, '2023-10-22 07:47:24', '2023-10-22 07:47:24'),
(299, '5920', '0', 'EVI ZULIANA RAHMAWATI', 'P', 25, NULL, '2023-10-22 07:47:24', '2023-10-22 07:47:24'),
(300, '5921', '0', 'FATIMATUZ ZAHRO', 'P', 25, NULL, '2023-10-22 07:47:24', '2023-10-22 07:47:24'),
(301, '5922', '0', 'FIRDA NAILAL CHUSNA', 'P', 25, NULL, '2023-10-22 07:47:24', '2023-10-22 07:47:24'),
(302, '5923', '0', 'FITA NURIA RAHMADINA', 'P', 25, NULL, '2023-10-22 07:47:24', '2023-10-22 07:47:24'),
(303, '5924', '0', 'HESTI TRI IMAWATI', 'P', 25, NULL, '2023-10-22 07:47:24', '2023-10-22 07:47:24'),
(304, '5925', '0', 'INTAN NOVITA PUTRI', 'P', 25, NULL, '2023-10-22 07:47:24', '2023-10-22 07:47:24'),
(305, '5927', '0', 'KIRANA FARESKA PUTRI', 'P', 25, NULL, '2023-10-22 07:47:24', '2023-10-22 07:47:24'),
(306, '5928', '0', 'LILIS ISTIQOMAH', 'P', 25, NULL, '2023-10-22 07:47:24', '2023-10-22 07:47:24'),
(307, '5929', '0', 'MAULANA RIZQI MUJIBUL HAKIM', 'L', 25, NULL, '2023-10-22 07:47:24', '2023-10-22 07:47:24'),
(308, '5930', '0', 'MAZIYA SITI FIRDA SILVIA', 'P', 25, NULL, '2023-10-22 07:47:24', '2023-10-22 07:47:24'),
(309, '5931', '0', 'MUCHAMMAD DIMAS BACHRUL ILMY', 'L', 25, NULL, '2023-10-22 07:47:24', '2023-10-22 07:47:24'),
(310, '5932', '0', 'MUHAMMAD ANDHIKA PRASETYA', 'L', 25, NULL, '2023-10-22 07:47:24', '2023-10-22 07:47:24'),
(311, '5933', '0', 'NADILLA RAHMAWATI', 'P', 25, NULL, '2023-10-22 07:47:24', '2023-10-22 07:47:24'),
(312, '5934', '0', 'NAZWA DWI SYAFA KEZIANI', 'P', 25, NULL, '2023-10-22 07:47:24', '2023-10-22 07:47:24'),
(313, '5935', '0', 'RAHMA DWI SEPTIANTI', 'P', 25, NULL, '2023-10-22 07:47:24', '2023-10-22 07:47:24'),
(314, '5936', '0', 'REVANZA DWI BAGUS ARDIYANSAH', 'L', 25, NULL, '2023-10-22 07:47:24', '2023-10-22 07:47:24'),
(315, '5937', '0', 'RISMA PUTRI JULITA', 'P', 25, NULL, '2023-10-22 07:47:24', '2023-10-22 07:47:24'),
(316, '5938', '0', 'ROSA AMALIA', 'P', 25, NULL, '2023-10-22 07:47:24', '2023-10-22 07:47:24'),
(317, '5939', '0', 'SHERRYL FARA NUZLYANA', 'P', 25, NULL, '2023-10-22 07:47:24', '2023-10-22 07:47:24'),
(318, '5940', '0', 'SITI NURJANAH', 'P', 25, NULL, '2023-10-22 07:47:24', '2023-10-22 07:47:24'),
(319, '5941', '0', 'SRI MULYANI', 'P', 25, NULL, '2023-10-22 07:47:24', '2023-10-22 07:47:24'),
(320, '5942', '0', 'SYAHRUL IMAM SAID', 'L', 25, NULL, '2023-10-22 07:47:24', '2023-10-22 07:47:24'),
(321, '5943', '0', 'SYAKILA AUFARINA NASIR', 'P', 25, NULL, '2023-10-22 07:47:24', '2023-10-22 07:47:24'),
(322, '5944', '0', 'VELISA BRILLIANTY', 'P', 25, NULL, '2023-10-22 07:47:24', '2023-10-22 07:47:24'),
(323, '5945', '0', 'VIOLLYN FARMA DYNATA', 'P', 25, NULL, '2023-10-22 07:47:24', '2023-10-22 07:47:24'),
(324, '5946', '0', 'ZANUAR SURYA WIBISONO', 'L', 25, NULL, '2023-10-22 07:47:24', '2023-10-22 07:47:24'),
(325, NULL, '0', NULL, NULL, NULL, NULL, '2023-10-22 07:47:24', '2023-10-22 07:47:24'),
(326, '5947', '0', 'AFITA NURLITASARI', 'P', 26, NULL, '2023-10-22 07:47:24', '2023-10-22 07:47:24'),
(327, '5948', '0', 'ALINI AULIA IKA PUTRI', 'P', 26, NULL, '2023-10-22 07:47:24', '2023-10-22 07:47:24'),
(328, '5949', '0', 'ALISHA HIDAYAH INDRIANI', 'P', 26, NULL, '2023-10-22 07:47:24', '2023-10-22 07:47:24'),
(329, '5950', '0', 'ANGGITA AZZAHRA', 'P', 26, NULL, '2023-10-22 07:47:24', '2023-10-22 07:47:24'),
(330, '5951', '0', 'APRI LUCHMANA', 'L', 26, NULL, '2023-10-22 07:47:24', '2023-10-22 07:47:24'),
(331, '5952', '0', 'ARDITA NAZLIA SALSABILA', 'P', 26, NULL, '2023-10-22 07:47:24', '2023-10-22 07:47:24'),
(332, '5953', '0', 'ARI SETIANINGRUM', 'P', 26, NULL, '2023-10-22 07:47:24', '2023-10-22 07:47:24'),
(333, '5954', '0', 'DINA ZULIA AVITA SARI', 'P', 26, NULL, '2023-10-22 07:47:24', '2023-10-22 07:47:24'),
(334, '5955', '0', 'ENDAH SETYO AYU PURNAMA', 'P', 26, NULL, '2023-10-22 07:47:24', '2023-10-22 07:47:24'),
(335, '5956', '0', 'FARID SAPUTRA', 'L', 26, NULL, '2023-10-22 07:47:24', '2023-10-22 07:47:24'),
(336, '5957', '0', 'FARISA FARDA LAVIANI', 'P', 26, NULL, '2023-10-22 07:47:24', '2023-10-22 07:47:24'),
(337, '5958', '0', 'FINA AYU LUTHFIANA FITRIYAH', 'P', 26, NULL, '2023-10-22 07:47:24', '2023-10-22 07:47:24'),
(338, '5959', '0', 'FRIDA AMALIA RAMADHANI', 'P', 26, NULL, '2023-10-22 07:47:24', '2023-10-22 07:47:24'),
(339, '5960', '0', 'ILMIYA', 'P', 26, NULL, '2023-10-22 07:47:24', '2023-10-22 07:47:24'),
(340, '5961', '0', 'IVA RAMADHANI', 'P', 26, NULL, '2023-10-22 07:47:24', '2023-10-22 07:47:24'),
(341, '5962', '0', 'LIFIANA KARTIKA DEVI', 'P', 26, NULL, '2023-10-22 07:47:24', '2023-10-22 07:47:24'),
(342, '5963', '0', 'LIRA FIRNA', 'P', 26, NULL, '2023-10-22 07:47:24', '2023-10-22 07:47:24'),
(343, '5964', '0', 'M. FAJAR MAULANA AFIDIYANTO', 'L', 26, NULL, '2023-10-22 07:47:24', '2023-10-22 07:47:24'),
(344, '5965', '0', 'MAHARANI', 'P', 26, NULL, '2023-10-22 07:47:24', '2023-10-22 07:47:24'),
(345, '5966', '0', 'MUHAMMAD ANIN NAIM', 'L', 26, NULL, '2023-10-22 07:47:24', '2023-10-22 07:47:24'),
(346, '5967', '0', 'MUHAMMAD DIMAS SETIAWAN', 'L', 26, NULL, '2023-10-22 07:47:24', '2023-10-22 07:47:24'),
(347, '5968', '0', 'MUHAMMAD HARUN ARROSYID', 'L', 26, NULL, '2023-10-22 07:47:24', '2023-10-22 07:47:24'),
(348, '5969', '0', 'MUHAMMAD LUTHFI HAKIM', 'L', 26, NULL, '2023-10-22 07:47:24', '2023-10-22 07:47:24'),
(349, '5970', '0', 'NADIN EKA OKTAVIANA', 'P', 26, NULL, '2023-10-22 07:47:24', '2023-10-22 07:47:24'),
(350, '5971', '0', 'NIKEN APRILIA SARI', 'P', 26, NULL, '2023-10-22 07:47:24', '2023-10-22 07:47:24'),
(351, '5972', '0', 'NOFIA SRI LESTARI', 'P', 26, NULL, '2023-10-22 07:47:24', '2023-10-22 07:47:24'),
(352, '5973', '0', 'NURIL MALA SAHANAYA', 'P', 26, NULL, '2023-10-22 07:47:24', '2023-10-22 07:47:24'),
(353, '5974', '0', 'RANI AYU PUSPITASARI', 'P', 26, NULL, '2023-10-22 07:47:24', '2023-10-22 07:47:24'),
(354, '5975', '0', 'RESTU HASAN PERMADI', 'L', 26, NULL, '2023-10-22 07:47:24', '2023-10-22 07:47:24'),
(355, '5976', '0', 'RISMAWATI', 'P', 26, NULL, '2023-10-22 07:47:24', '2023-10-22 07:47:24'),
(356, '5977', '0', 'ROHMAWATUN', 'P', 26, NULL, '2023-10-22 07:47:24', '2023-10-22 07:47:24'),
(357, '5978', '0', 'SABILATUN NAJA ALFANTIKA', 'P', 26, NULL, '2023-10-22 07:47:24', '2023-10-22 07:47:24'),
(358, '5979', '0', 'SYAFA\'ATUN ZURIAH', 'P', 26, NULL, '2023-10-22 07:47:24', '2023-10-22 07:47:24'),
(359, '5980', '0', 'VRITA AGUSTINA', 'P', 26, NULL, '2023-10-22 07:47:24', '2023-10-22 07:47:24'),
(360, '5981', '0', 'ZAHRA NAFADINI PUTRI NAYA', 'P', 26, NULL, '2023-10-22 07:47:24', '2023-10-22 07:47:24'),
(361, '5982', '0', 'ZAHWA AULIA PUTRI', 'P', 26, NULL, '2023-10-22 07:47:24', '2023-10-22 07:47:24'),
(362, '5983', '0', 'AFIDA NURUL FITROH', 'P', 27, NULL, '2023-10-22 07:47:24', '2023-10-22 07:47:24'),
(363, '5984', '0', 'AHMAD DANI MAULANA', 'L', 27, NULL, '2023-10-22 07:47:24', '2023-10-22 07:47:24'),
(364, '5985', '0', 'ALVINA SALSABILLA', 'P', 27, NULL, '2023-10-22 07:47:24', '2023-10-22 07:47:24'),
(365, '5986', '0', 'ALYA SALSABILA KARTIKA', 'P', 27, NULL, '2023-10-22 07:47:24', '2023-10-22 07:47:24'),
(366, '5987', '0', 'AMALIA MAULIDDINA KURNIAWATI', 'P', 27, NULL, '2023-10-22 07:47:24', '2023-10-22 07:47:24'),
(367, '5988', '0', 'ANITA SAVARA DAMAYANTI', 'P', 27, NULL, '2023-10-22 07:47:24', '2023-10-22 07:47:24'),
(368, '5989', '0', 'ARIA ANANDA PUTRA', 'L', 27, NULL, '2023-10-22 07:47:24', '2023-10-22 07:47:24'),
(369, '5990', '0', 'ARVEL FITHRIYA', 'P', 27, NULL, '2023-10-22 07:47:24', '2023-10-22 07:47:24'),
(370, '5991', '0', 'ATHIKA SALSABILA ARSANTY', 'P', 27, NULL, '2023-10-22 07:47:24', '2023-10-22 07:47:24'),
(371, '5992', '0', 'AUFA SYARIFAHU NI\'MAH', 'P', 27, NULL, '2023-10-22 07:47:24', '2023-10-22 07:47:24'),
(372, '5993', '0', 'AWALLYA ULIN NIKMATH', 'P', 27, NULL, '2023-10-22 07:47:24', '2023-10-22 07:47:24'),
(373, '5994', '0', 'DINA ADELIA PUTRI', 'P', 27, NULL, '2023-10-22 07:47:24', '2023-10-22 07:47:24'),
(374, '5995', '0', 'ENDHITA NAMIRA MARSYALINA', 'P', 27, NULL, '2023-10-22 07:47:24', '2023-10-22 07:47:24'),
(375, '5996', '0', 'FEBYA ARISA IKA AMALYA', 'P', 27, NULL, '2023-10-22 07:47:24', '2023-10-22 07:47:24'),
(376, '5997', '0', 'FELIXI FAUZI INDRA KIRANA', 'L', 27, NULL, '2023-10-22 07:47:24', '2023-10-22 07:47:24'),
(377, '5998', '0', 'FIRMAN SYAWAL PANGESTU', 'L', 27, NULL, '2023-10-22 07:47:24', '2023-10-22 07:47:24'),
(378, '5999', '0', 'KHOIRINNISA NADYAFA RAMADHANI', 'P', 27, NULL, '2023-10-22 07:47:24', '2023-10-22 07:47:24'),
(379, '6000', '0', 'KHOMSYATUN', 'P', 27, NULL, '2023-10-22 07:47:24', '2023-10-22 07:47:24'),
(380, '6001', '0', 'KHOTIMATUL NOOR AINY', 'P', 27, NULL, '2023-10-22 07:47:24', '2023-10-22 07:47:24'),
(381, '6002', '0', 'LAURA ANANDITA HAIRANI', 'P', 27, NULL, '2023-10-22 07:47:24', '2023-10-22 07:47:24'),
(382, '6003', '0', 'MARCHELLIA INDAHSARI', 'P', 27, NULL, '2023-10-22 07:47:24', '2023-10-22 07:47:24'),
(383, '6004', '0', 'MEILINDA KUSNIAWATI', 'P', 27, NULL, '2023-10-22 07:47:24', '2023-10-22 07:47:24'),
(384, '6005', '0', 'META JELLYANA DEVI NINA MEDIYANTI', 'P', 27, NULL, '2023-10-22 07:47:24', '2023-10-22 07:47:24'),
(385, '6006', '0', 'MUHAMMAD FARHAN AMIIN', 'L', 27, NULL, '2023-10-22 07:47:24', '2023-10-22 07:47:24'),
(386, '6007', '0', 'MUHAMMAD RIKZA KHAMIM', 'L', 27, NULL, '2023-10-22 07:47:24', '2023-10-22 07:47:24'),
(387, '6008', '0', 'MUJI DWI ASRIANA', 'P', 27, NULL, '2023-10-22 07:47:24', '2023-10-22 07:47:24'),
(388, '6009', '0', 'NHESA AULIA SABRINA', 'P', 27, NULL, '2023-10-22 07:47:24', '2023-10-22 07:47:24'),
(389, '6010', '0', 'NOFA RISMAYANTI', 'P', 27, NULL, '2023-10-22 07:47:24', '2023-10-22 07:47:24'),
(390, '6011', '0', 'RIANA FATMAWATI', 'P', 27, NULL, '2023-10-22 07:47:24', '2023-10-22 07:47:24'),
(391, '6012', '0', 'RIDWAN KHANAFI', 'L', 27, NULL, '2023-10-22 07:47:24', '2023-10-22 07:47:24'),
(392, '6013', '0', 'RIZKA AULIA PUTRI', 'P', 27, NULL, '2023-10-22 07:47:24', '2023-10-22 07:47:24'),
(393, '6014', '0', 'RIZKY ANGGA SAPUTRA', 'L', 27, NULL, '2023-10-22 07:47:24', '2023-10-22 07:47:24'),
(394, '6015', '0', 'SALSA WAFDA NAILAL KHUSNA', 'P', 27, NULL, '2023-10-22 07:47:24', '2023-10-22 07:47:24'),
(395, '6016', '0', 'SANJU OKTAVIA LENSIA ZAHRO', 'P', 27, NULL, '2023-10-22 07:47:24', '2023-10-22 07:47:24'),
(396, '6017', '0', 'SHIFA KHOIRUNNISA', 'P', 27, NULL, '2023-10-22 07:47:24', '2023-10-22 07:47:24'),
(397, '6018', '0', 'YULIANA SAFITRI', 'P', 27, NULL, '2023-10-22 07:47:24', '2023-10-22 07:47:24'),
(398, '6019', '0', 'ADELIA PASHA RAMADHANI', 'P', 28, NULL, '2023-10-22 07:47:24', '2023-10-22 07:47:24'),
(399, '6020', '0', 'ADINDA PUTRI OKTA ARIANI', 'P', 28, NULL, '2023-10-22 07:47:24', '2023-10-22 07:47:24'),
(400, '6021', '0', 'ALIFFINA TYAS RAMADHANI', 'P', 28, NULL, '2023-10-22 07:47:24', '2023-10-22 07:47:24'),
(401, '6022', '0', 'ALYA SEPTIA PERMATASARI', 'P', 28, NULL, '2023-10-22 07:47:24', '2023-10-22 07:47:24'),
(402, '6023', '0', 'AMALIA SYIFA AZ\'ZAHRO', 'P', 28, NULL, '2023-10-22 07:47:24', '2023-10-22 07:47:24'),
(403, '6024', '0', 'AMELIA ZULFA', 'P', 28, NULL, '2023-10-22 07:47:24', '2023-10-22 07:47:24'),
(404, '6025', '0', 'ARIYANI ROSYIDAH', 'P', 28, NULL, '2023-10-22 07:47:24', '2023-10-22 07:47:24'),
(405, '6026', '0', 'ARSITA MUSLIMATUS SANIA', 'P', 28, NULL, '2023-10-22 07:47:24', '2023-10-22 07:47:24'),
(406, '6027', '0', 'AVRILIA IVANKA RAHMANDANI', 'P', 28, NULL, '2023-10-22 07:47:24', '2023-10-22 07:47:24'),
(407, '6028', '0', 'CICA NIA SALSABILA', 'P', 28, NULL, '2023-10-22 07:47:24', '2023-10-22 07:47:24'),
(408, '6029', '0', 'DEWI NAILIS SAADAH', 'P', 28, NULL, '2023-10-22 07:47:24', '2023-10-22 07:47:24'),
(409, '6030', '0', 'DHEA RISTY AGUSTINA', 'P', 28, NULL, '2023-10-22 07:47:24', '2023-10-22 07:47:24'),
(410, '6031', '0', 'DURROTUN NAFISAH', 'P', 28, NULL, '2023-10-22 07:47:24', '2023-10-22 07:47:24'),
(411, '6032', '0', 'ERICHA MAHARANI SALSABILLA', 'P', 28, NULL, '2023-10-22 07:47:24', '2023-10-22 07:47:24'),
(412, '6033', '0', 'EVLYN ALLYA MECCA', 'P', 28, NULL, '2023-10-22 07:47:24', '2023-10-22 07:47:24'),
(413, '6034', '0', 'FARID ADAM SETIAJI', 'L', 28, NULL, '2023-10-22 07:47:24', '2023-10-22 07:47:24'),
(414, '6035', '0', 'HADZIQ AHMAD AL FADHLI', 'L', 28, NULL, '2023-10-22 07:47:24', '2023-10-22 07:47:24'),
(415, '6036', '0', 'INTAN CAHYANI', 'P', 28, NULL, '2023-10-22 07:47:24', '2023-10-22 07:47:24'),
(416, '6037', '0', 'INTAN RIZKI FEBRIANTI', 'P', 28, NULL, '2023-10-22 07:47:24', '2023-10-22 07:47:24'),
(417, '6038', '0', 'MAULIDINA PUTRI ANGGRAINI', 'P', 28, NULL, '2023-10-22 07:47:24', '2023-10-22 07:47:24'),
(418, '6039', '0', 'MIFTAKHUL JANNAH', 'P', 28, NULL, '2023-10-22 07:47:24', '2023-10-22 07:47:24'),
(419, '6040', '0', 'MUHAMMAD ADZIM BAHAR', 'L', 28, NULL, '2023-10-22 07:47:24', '2023-10-22 07:47:24'),
(420, '6041', '0', 'MUHAMMAD NAFA FAWWAS WAFA', 'L', 28, NULL, '2023-10-22 07:47:24', '2023-10-22 07:47:24'),
(421, '6042', '0', 'MUHAMMAD RAFLI RAMADLANI', 'L', 28, NULL, '2023-10-22 07:47:24', '2023-10-22 07:47:24'),
(422, '6043', '0', 'NAELA KHOIROTU ZAHRO\'', 'P', 28, NULL, '2023-10-22 07:47:24', '2023-10-22 07:47:24'),
(423, '6044', '0', 'NANDA DYAH AYU ANGGREYANI', 'P', 28, NULL, '2023-10-22 07:47:24', '2023-10-22 07:47:24'),
(424, '6045', '0', 'QURROTA A\'YUN NURBAITI MAWADDATUR ROHMAH', 'P', 28, NULL, '2023-10-22 07:47:24', '2023-10-22 07:47:24'),
(425, '6046', '0', 'SHOFI\'ATUN NURUR ROHMAH', 'P', 28, NULL, '2023-10-22 07:47:24', '2023-10-22 07:47:24'),
(426, '6047', '0', 'SITI ELFINA NILNAL MUNA', 'P', 28, NULL, '2023-10-22 07:47:24', '2023-10-22 07:47:24'),
(427, '6048', '0', 'STEVANI LAVENDRA BRILIAN', 'P', 28, NULL, '2023-10-22 07:47:24', '2023-10-22 07:47:24'),
(428, '6049', '0', 'SYIFA MAULIDATUS SHOLIKHAH', 'P', 28, NULL, '2023-10-22 07:47:24', '2023-10-22 07:47:24'),
(429, '6050', '0', 'VENISA DWI ANGGARA', 'P', 28, NULL, '2023-10-22 07:47:24', '2023-10-22 07:47:24'),
(430, '6051', '0', 'VIKA DWI ANJANI', 'P', 28, NULL, '2023-10-22 07:47:24', '2023-10-22 07:47:24'),
(431, '6052', '0', 'VIKO ARDINATA', 'L', 28, NULL, '2023-10-22 07:47:24', '2023-10-22 07:47:24'),
(432, '6053', '0', 'YUNI SETIYAWATI', 'P', 28, NULL, '2023-10-22 07:47:24', '2023-10-22 07:47:24'),
(433, '6054', '0', 'ZIYADATUL KHOIROH', 'P', 28, NULL, '2023-10-22 07:47:24', '2023-10-22 07:47:24');

--
-- Indexes for dumped tables
--

--
-- Indeks untuk tabel `barangs`
--
ALTER TABLE `barangs`
  ADD PRIMARY KEY (`id`),
  ADD KEY `barangs_tipe_barang_id_foreign` (`tipe_barang_id`);

--
-- Indeks untuk tabel `failed_jobs`
--
ALTER TABLE `failed_jobs`
  ADD PRIMARY KEY (`id`),
  ADD UNIQUE KEY `failed_jobs_uuid_unique` (`uuid`);

--
-- Indeks untuk tabel `kelas`
--
ALTER TABLE `kelas`
  ADD PRIMARY KEY (`id`);

--
-- Indeks untuk tabel `migrations`
--
ALTER TABLE `migrations`
  ADD PRIMARY KEY (`id`);

--
-- Indeks untuk tabel `password_resets`
--
ALTER TABLE `password_resets`
  ADD PRIMARY KEY (`email`);

--
-- Indeks untuk tabel `pengaturans`
--
ALTER TABLE `pengaturans`
  ADD PRIMARY KEY (`id`);

--
-- Indeks untuk tabel `personal_access_tokens`
--
ALTER TABLE `personal_access_tokens`
  ADD PRIMARY KEY (`id`),
  ADD UNIQUE KEY `personal_access_tokens_token_unique` (`token`),
  ADD KEY `personal_access_tokens_tokenable_type_tokenable_id_index` (`tokenable_type`,`tokenable_id`);

--
-- Indeks untuk tabel `pinjams`
--
ALTER TABLE `pinjams`
  ADD PRIMARY KEY (`id`),
  ADD KEY `pinjams_user_id_foreign` (`user_id`),
  ADD KEY `pinjams_barang_id_foreign` (`barang_id`),
  ADD KEY `pinjams_tahun_ajaran_id_foreign` (`tahun_ajaran_id`);

--
-- Indeks untuk tabel `tahun_ajarans`
--
ALTER TABLE `tahun_ajarans`
  ADD PRIMARY KEY (`id`);

--
-- Indeks untuk tabel `tipe_barangs`
--
ALTER TABLE `tipe_barangs`
  ADD PRIMARY KEY (`id`);

--
-- Indeks untuk tabel `users`
--
ALTER TABLE `users`
  ADD PRIMARY KEY (`id`),
  ADD KEY `users_kelas_id_foreign` (`kelas_id`);

--
-- AUTO_INCREMENT untuk tabel yang dibuang
--

--
-- AUTO_INCREMENT untuk tabel `barangs`
--
ALTER TABLE `barangs`
  MODIFY `id` bigint UNSIGNED NOT NULL AUTO_INCREMENT, AUTO_INCREMENT=18;

--
-- AUTO_INCREMENT untuk tabel `failed_jobs`
--
ALTER TABLE `failed_jobs`
  MODIFY `id` bigint UNSIGNED NOT NULL AUTO_INCREMENT;

--
-- AUTO_INCREMENT untuk tabel `kelas`
--
ALTER TABLE `kelas`
  MODIFY `id` bigint UNSIGNED NOT NULL AUTO_INCREMENT, AUTO_INCREMENT=41;

--
-- AUTO_INCREMENT untuk tabel `migrations`
--
ALTER TABLE `migrations`
  MODIFY `id` int UNSIGNED NOT NULL AUTO_INCREMENT, AUTO_INCREMENT=11;

--
-- AUTO_INCREMENT untuk tabel `pengaturans`
--
ALTER TABLE `pengaturans`
  MODIFY `id` bigint UNSIGNED NOT NULL AUTO_INCREMENT;

--
-- AUTO_INCREMENT untuk tabel `personal_access_tokens`
--
ALTER TABLE `personal_access_tokens`
  MODIFY `id` bigint UNSIGNED NOT NULL AUTO_INCREMENT;

--
-- AUTO_INCREMENT untuk tabel `pinjams`
--
ALTER TABLE `pinjams`
  MODIFY `id` bigint UNSIGNED NOT NULL AUTO_INCREMENT, AUTO_INCREMENT=3;

--
-- AUTO_INCREMENT untuk tabel `tahun_ajarans`
--
ALTER TABLE `tahun_ajarans`
  MODIFY `id` bigint UNSIGNED NOT NULL AUTO_INCREMENT, AUTO_INCREMENT=4;

--
-- AUTO_INCREMENT untuk tabel `tipe_barangs`
--
ALTER TABLE `tipe_barangs`
  MODIFY `id` bigint UNSIGNED NOT NULL AUTO_INCREMENT, AUTO_INCREMENT=5;

--
-- AUTO_INCREMENT untuk tabel `users`
--
ALTER TABLE `users`
  MODIFY `id` bigint UNSIGNED NOT NULL AUTO_INCREMENT, AUTO_INCREMENT=434;

--
-- Ketidakleluasaan untuk tabel pelimpahan (Dumped Tables)
--

--
-- Ketidakleluasaan untuk tabel `barangs`
--
ALTER TABLE `barangs`
  ADD CONSTRAINT `barangs_tipe_barang_id_foreign` FOREIGN KEY (`tipe_barang_id`) REFERENCES `tipe_barangs` (`id`);

--
-- Ketidakleluasaan untuk tabel `pinjams`
--
ALTER TABLE `pinjams`
  ADD CONSTRAINT `pinjams_barang_id_foreign` FOREIGN KEY (`barang_id`) REFERENCES `barangs` (`id`),
  ADD CONSTRAINT `pinjams_tahun_ajaran_id_foreign` FOREIGN KEY (`tahun_ajaran_id`) REFERENCES `tahun_ajarans` (`id`),
  ADD CONSTRAINT `pinjams_user_id_foreign` FOREIGN KEY (`user_id`) REFERENCES `users` (`id`);

--
-- Ketidakleluasaan untuk tabel `users`
--
ALTER TABLE `users`
  ADD CONSTRAINT `users_kelas_id_foreign` FOREIGN KEY (`kelas_id`) REFERENCES `kelas` (`id`);
COMMIT;

/*!40101 SET CHARACTER_SET_CLIENT=@OLD_CHARACTER_SET_CLIENT */;
/*!40101 SET CHARACTER_SET_RESULTS=@OLD_CHARACTER_SET_RESULTS */;
/*!40101 SET COLLATION_CONNECTION=@OLD_COLLATION_CONNECTION */;
